{
  "project_info": {
    "project_number": "1048584942441",
    "project_id": "samaj-family-tree",
    "storage_bucket": "samaj-family-tree.firebasestorage.app"
  },
  "client": [
    {
      "client_info": {
        "mobilesdk_app_id": "1:1048584942441:android:3625bd96e668b3378d03f8",
        "android_client_info": {
          "package_name": "com.pratik.learning.familyTree"
        }
      },
      "oauth_client": [],
      "api_key": [
        {
          "current_key": "AIzaSyA52I_MOF2BYyexbXeC3eZDOUmqjNxk8DI"
        }
      ],
      "services": {
        "appinvite_service": {
          "other_platform_oauth_client": []
        }
      }
    }
  ],
  "configuration_version": "1"
}